{
	"Nassau Hall": [
		[
			40.348470776584676,
			-74.65930804610252
		],
		[
			40.34861693440395,
			-74.65937778353693
		],
		[
			40.34855765364829,
			-74.6596071124077
		],
		[
			40.34860364734255,
			-74.65962857007982
		],
		[
			40.34859138236047,
			-74.65966880321504
		],
		[
			40.34864861892437,
			-74.65969562530519
		],
		[
			40.34866190597691,
			-74.6596446633339
		],
		[
			40.34870994376036,
			-74.65966612100603
		],
		[
			40.348772290619785,
			-74.65943276882173
		],
		[
			40.34878762180592,
			-74.65943947434427
		],
		[
			40.348826460795124,
			-74.65928792953493
		],
		[
			40.34881828416769,
			-74.6592825651169
		],
		[
			40.34887756469425,
			-74.65905994176866
		],
		[
			40.34884383612517,
			-74.65904384851457
		],
		[
			40.34885610106132,
			-74.6589955687523
		],
		[
			40.34878455556897,
			-74.6589580178261
		],
		[
			40.3487712685406,
			-74.65900093317033
		],
		[
			40.348727319120435,
			-74.65897947549821
		],
		[
			40.34866292805775,
			-74.6592101454735
		],
		[
			40.348515748255096,
			-74.65914309024812
		]
	],
	"Burr Hall": [
		[
			40.35000081861728,
			-74.65664058923723
		],
		[
			40.35025837738974,
			-74.65684041380882
		],
		[
			40.3503994210626,
			-74.6565279364586
		],
		[
			40.35014186282879,
			-74.65632811188699
		]
	],
	"Palmer House": [
		[
			40.34888880754684,
			-74.66433316469194
		],
		[
			40.34900021389411,
			-74.66439083218576
		],
		[
			40.34899305936357,
			-74.66441899538042
		],
		[
			40.3490502955866,
			-74.66444984078407
		],
		[
			40.34906153841042,
			-74.6644149720669
		],
		[
			40.34910957590924,
			-74.66444045305253
		],
		[
			40.34912797324013,
			-74.66437876224519
		],
		[
			40.34919031971314,
			-74.66440960764885
		],
		[
			40.349232224687185,
			-74.66426610946657
		],
		[
			40.349065626709496,
			-74.6641829609871
		],
		[
			40.3490502955866,
			-74.66422989964487
		],
		[
			40.34894093347536,
			-74.66417625546457
		],
		[
			40.34893071270824,
			-74.66420844197275
		],
		[
			40.34890311662928,
			-74.66419503092766
		],
		[
			40.34888063092697,
			-74.66426476836206
		],
		[
			40.34890311662928,
			-74.66427817940712
		]
	],
	"Walter Lowrie House": [
		[
			40.34620089023623,
			-74.66943863254417
		],
		[
			40.34637278911606,
			-74.66952885094197
		],
		[
			40.346481085185445,
			-74.66917699919047
		],
		[
			40.346309186581585,
			-74.66907775895288
		]
	],
	"Dickinson Hall": [
		[
			40.34861693440395,
			-74.65610682964326
		],
		[
			40.348720164560945,
			-74.6561846137047
		],
		[
			40.34872834120028,
			-74.65616583824159
		],
		[
			40.34897670614808,
			-74.65636029839517
		],
		[
			40.34896955161505,
			-74.6563830971718
		],
		[
			40.348999191818386,
			-74.6564032137394
		],
		[
			40.34898794898416,
			-74.65642869472505
		],
		[
			40.349056428036164,
			-74.65648099780084
		],
		[
			40.349162723740385,
			-74.65623557567598
		],
		[
			40.34906664878426,
			-74.65616181492807
		],
		[
			40.34904007483604,
			-74.6562208235264
		],
		[
			40.348786599726935,
			-74.65602770447732
		],
		[
			40.348763091906456,
			-74.65597808361055
		],
		[
			40.34869870087795,
			-74.65592846274377
		]
	],
	"Edwards Hall": [
		[
			40.34731581204744,
			-74.65943947434427
		],
		[
			40.34735362978354,
			-74.65929329395296
		],
		[
			40.34728821530772,
			-74.65926378965379
		],
		[
			40.34728821530772,
			-74.65925171971321
		],
		[
			40.34724119861403,
			-74.65922757983209
		],
		[
			40.3472350659994,
			-74.65924099087715
		],
		[
			40.3471083251721,
			-74.65917930006982
		],
		[
			40.34711036938087,
			-74.65916588902475
		],
		[
			40.34705619782724,
			-74.6591390669346
		],
		[
			40.34704802098516,
			-74.65915516018869
		],
		[
			40.34699180516914,
			-74.65912833809854
		],
		[
			40.34695296512341,
			-74.65926244854927
		],
		[
			40.34701837992438,
			-74.65929329395296
		],
		[
			40.34701531360698,
			-74.65931206941606
		],
		[
			40.347068463088476,
			-74.6593375504017
		],
		[
			40.34707459571826,
			-74.65932548046113
		],
		[
			40.347200314505926,
			-74.65938448905946
		],
		[
			40.34719520399069,
			-74.65939924120904
		],
		[
			40.34724119861403,
			-74.65942338109016
		],
		[
			40.3472463091258,
			-74.65940728783607
		]
	],
	"FitzRandolph Gate": [
		[
			40.34954940156132,
			-74.65983037317598
		],
		[
			40.34950814781312,
			-74.65981007403646
		],
		[
			40.34957002842595,
			-74.65958678350184
		],
		[
			40.34960956323218,
			-74.65961159356124
		]
	],
	"Wall of Holder Hall": [
		[
			40.3482111668101,
			-74.6617501974106
		],
		[
			40.34828475708391,
			-74.66178908944131
		],
		[
			40.34830417672612,
			-74.66172471642496
		],
		[
			40.34833177305013,
			-74.66173678636552
		],
		[
			40.34847997533791,
			-74.66123253107072
		],
		[
			40.34889187377905,
			-74.66144174337389
		],
		[
			40.3487354957589,
			-74.66197818517686
		],
		[
			40.34881930624616,
			-74.66202914714815
		],
		[
			40.34897875030024,
			-74.66149136424066
		],
		[
			40.34899714766683,
			-74.66149941086769
		],
		[
			40.34903394238497,
			-74.66137468814851
		],
		[
			40.34899101521187,
			-74.66135054826738
		],
		[
			40.34899510351525,
			-74.66133043169977
		],
		[
			40.34893275686177,
			-74.66129690408708
		],
		[
			40.34892560232409,
			-74.66131702065468
		],
		[
			40.34851779242123,
			-74.66110646724702
		],
		[
			40.34852085867031,
			-74.66109573841096
		],
		[
			40.34846055574631,
			-74.66106221079826
		],
		[
			40.34845135699046,
			-74.6610850095749
		],
		[
			40.34841047361589,
			-74.66106355190279
		],
		[
			40.348376744813265,
			-74.66118559241296
		],
		[
			40.34838594357927,
			-74.66118425130846
		],
		[
			40.348268403696665,
			-74.66158121824266
		],
		[
			40.3482612490885,
			-74.66157451272012
		]
	],
	"Cuyler Hall": [
		[
			40.34616491620738,
			-74.65761289000513
		],
		[
			40.346193535524996,
			-74.65749219059944
		],
		[
			40.34615060654404,
			-74.65747207403184
		],
		[
			40.34615367290073,
			-74.65744793415071
		],
		[
			40.34610052269839,
			-74.65742379426958
		],
		[
			40.346098478459005,
			-74.65743452310564
		],
		[
			40.34586441263948,
			-74.65733394026758
		],
		[
			40.345865434762736,
			-74.65732052922249
		],
		[
			40.345812284333256,
			-74.65729504823686
		],
		[
			40.345805129464566,
			-74.65730711817743
		],
		[
			40.34576015598678,
			-74.65728566050531
		],
		[
			40.34573460286105,
			-74.65739428997041
		],
		[
			40.34577344360834,
			-74.65741306543352
		],
		[
			40.34577037723437,
			-74.65743318200113
		],
		[
			40.34578468697837,
			-74.65744256973268
		],
		[
			40.34585419140614,
			-74.65747207403184
		]
	],