{
	"Moulden Hall": [
		[
						40.04132976322434,
						-75.34292131662369
					],
					[
						40.04138212610581,
						-75.34296557307243
					],
					[
						40.041163433804705,
						-75.3434456884861
					],
					[
						40.04100737126426,
						-75.34332633018494
					],
					[
						40.04117472779049,
						-75.34294813871384
					],
					[
						40.040921126022845,
						-75.34275233745575
					],
					[
						40.04100018416497,
						-75.3425820171833
					],
					[
						40.04136569853946,
						-75.34282878041267
					],
					[
						40.04132976322434,
						-75.34292131662369
					]

	],

	"John Barry Hall": [
		[
	               40.037970240974104,
	               -75.34423828125
	             ],
	             [
	               40.03785421539672,
	               -75.34415379166603
	             ],
	             [
	               40.03781417112507,
	               -75.34423425793648
	             ],
	             [
	               40.03770738628572,
	               -75.34415379166603
	             ],
	             [
	               40.03796100000616,
	               -75.34359320998192
	             ],
	             [
	               40.03805546317512,
	               -75.34366831183434
	             ],
	             [
	               40.03803287416834,
	               -75.34372732043266
	             ],
	             [
	               40.038156086841575,
	               -75.34382387995718
	             ],
	             [
	               40.037970240974104,
	               -75.34423828125
	             ]

	],

"Jane Rudolph Hall": [
	[
	              40.041623405530224,
	              -75.34319087862968
	            ],
	            [
	              40.04151559993547,
	              -75.3436267375946
	            ],
	            [
	              40.04132668305359,
	              -75.34354090690611
	            ],
	            [
	              40.04147247764982,
	              -75.34303396940231
	            ],
	            [
	              40.041545374831045,
	              -75.34306615591049
	            ],
	            [
	              40.041578229873174,
	              -75.34296423196793
	            ],
	            [
	              40.041998156985805,
	              -75.34313723444939
	            ],
	            [
	              40.04194579457745,
	              -75.34334376454353
	            ],
	            [
	              40.041623405530224,
	              -75.34319087862968
	            ]

],


	"St. Mary's Hall": [
		[
		              40.03978658025034,
		              -75.34234464168549
		            ],
		            [
		              40.040045319952455,
		              -75.34172505140305
		            ],
		            [
		              40.03999603627536,
		              -75.34168213605881
		            ],
		            [
		              40.03992005720341,
		              -75.34184843301773
		            ],
		            [
		             40.03981738264731,
		              -75.3417706489563
		            ],
		            [
		              40.03995291302869,
		              -75.34143269062042
		            ],
		            [
		              40.03986871994467,
		              -75.3413736820221
		            ],
		            [
		              40.039926217671834,
		              -75.34123688936234
		            ],
		            [
		              40.04001451765846,
		              -75.34129321575165
		            ],
		            [
		              40.04012129888484,
		              -75.34102767705917
		            ],
		            [
		              40.04004121298072,
		              -75.3409606218338
		            ],
		            [
		              40.04010692449874,
		              -75.340815782547
		            ],
		            [
		              40.04018906380718,
		              -75.3408694267273
		            ],
		            [
		              40.04029379128192,
		              -75.34061461687088
		            ],
		            [
		              40.040207545137946,
		              -75.34053951501846
		            ],
		            [
		              40.04026914953764,
		              -75.3403839468956
		            ],
		            [
		              40.040377983841076,
		              -75.340459048748
		            ],
		            [
		              40.040550475588816,
		              -75.34004598855972
		            ],
		            [
		              40.040874923170094,
		              -75.340279340744
		            ],
		            [
		              40.0408133193177,
		              -75.34041076898575
		            ],
		            [
		              40.04075582233858,
		              -75.34037321805954
		            ],
		            [
		              40.04066546984488,
		              -75.34058779478073
		            ],
		            [
		              40.04077430351574,
		              -75.34067094326019
		            ],
		            [
		              40.04068189757991,
		              -75.34090161323547
		            ],
		            [
		              40.04064698863824,
		              -75.34087747335434
		            ],
		            [
		              40.0402465612642,
		              -75.34185111522675
		            ],
		            [
		              40.040234240384656,
		              -75.34184575080872
		            ],
		            [
		              40.03996728744728,
		              -75.34247875213623
		            ],
		            [
		              40.03978658025034,
		              -75.34234464168549
		            ]
	],
	"Middleton Hall": [
		[
	               40.03628323018215,
	               -75.34721083939075
	             ],
	             [
	               40.036180036749364,
	               -75.3472450375557
	             ],
	             [
	               40.03618209035154,
	               -75.3472725301981
	             ],
	             [
	              40.036046039073796,
	               -75.3473100811243
	             ],
	             [
	               40.03602498960657,
	               -75.34717932343483
	             ],
	             [
	               40.03616001412493,
	               -75.34714110195637
	             ],
	             [
	               40.03616720173438,
	               -75.34716993570328
	             ],
	             [
	               40.03627193538616,
	               -75.3471390902996
	             ],
	             [
	               40.03628323018215,
	               -75.34721083939075
	             ]

	]
}
